[
  {
    "subject": "Energi",
    "id": 1,
    "id_subject_group": 2
  },
  {
    "subject": "Geografi",
    "id": 2,
    "id_subject_group": 1
  },
  {
    "subject": "Harga Eceran",
    "id": 3,
    "id_subject_group": 2
  },
  {
    "subject": "Holtikultura",
    "id": 4,
    "id_subject_group": 3
  },
  {
    "subject": "Hotel",
    "id": 5,
    "id_subject_group": 2
  },
  {
    "subject": "Iklim",
    "id": 6,
    "id_subject_group": 1
  },
  {
    "subject": "Indeks Pembangunan Manusia",
    "id": 7,
    "id_subject_group": 1
  },
  {
    "subject": "Industri",
    "id": 8,
    "id_subject_group": 2
  },
  {
    "subject": "Inflasi",
    "id": 9,
    "id_subject_group": 2
  },
  {
    "subject": "Kemiskinan",
    "id": 10,
    "id_subject_group": 1
  },
  {
    "subject": "Kesehatan",
    "id": 11,
    "id_subject_group": 1
  },
  {
    "subject": "Ketenagakerjaan",
    "id": 12,
    "id_subject_group": 1
  },
  {
    "subject": "Keuangan",
    "id": 13,
    "id_subject_group": 2
  },
  {
    "subject": "Komunikasi",
    "id": 14,
    "id_subject_group": 2
  },
  {
    "subject": "Konsumsi dan Pengeluaran",
    "id": 15,
    "id_subject_group": 2
  },
  {
    "subject": "Kriminalitas",
    "id": 16,
    "id_subject_group": 1
  },
  {
    "subject": "Pariwisata",
    "id": 17,
    "id_subject_group": 2
  },
  {
    "subject": "Pemerintahan",
    "id": 18,
    "id_subject_group": 1
  },
  {
    "subject": "Pendidikan",
    "id": 19,
    "id_subject_group": 1
  },
  {
    "subject": "Kependudukan",
    "id": 20,
    "id_subject_group": 1
  },
  {
    "subject": "Perdagangan",
    "id": 21,
    "id_subject_group": 2
  },
  {
    "subject": "Perikanan",
    "id": 22,
    "id_subject_group": 3
  },
  {
    "subject": "Perkebunan",
    "id": 23,
    "id_subject_group": 3
  },
  {
    "subject": "Peternakan",
    "id": 24,
    "id_subject_group": 3
  },
  {
    "subject": "Potensi Desa",
    "id": 25,
    "id_subject_group": 1
  },
  {
    "subject": "Produk Domestik Regional Bruto (Lapangan Usaha)",
    "id": 26,
    "id_subject_group": 2
  },
  {
    "subject": "Produk Domestik Regional Bruto (Pengeluaran)",
    "id": 27,
    "id_subject_group": 2
  },
  {
    "subject": "Sosial  Budaya",
    "id": 28,
    "id_subject_group": 1
  },
  {
    "subject": "Tanaman Pangan",
    "id": 29,
    "id_subject_group": 3
  },
  {
    "subject": "Transportasi",
    "id": 30,
    "id_subject_group": 2
  }
]